part,x_mm,original_area_mm2,original_Iy_mm4,original_Iz_mm4,original_Zy_mm3,original_Zz_mm3,candidate_area_mm2,candidate_Iy_mm4,candidate_Iz_mm4,candidate_Zy_mm3,candidate_Zz_mm3
Upper_arm_SO101,-27.5,773.0475343992875,227735.72536279878,34043.22083084336,9109.428790404698,2836.921370884465,773.0475343992904,227735.72536280056,34043.22083084354,9109.42879040477,2836.9213708844713
Upper_arm_SO101,-26.5,773.0478198559446,227735.80248939048,34043.252385279586,9109.431963829542,2836.9220721043607,773.0478198559495,227735.80248939322,34043.25238527982,9109.431963829655,2836.9220721043694
Upper_arm_SO101,-25.5,773.0478915254566,227735.83214041145,34043.26072199432,9109.433232644367,2836.921368359659,773.0478915254621,227735.83214041468,34043.26072199464,9109.433232644496,2836.921368359672
Upper_arm_SO101,-24.5,775.4929675483108,229190.35740879807,34236.98820133429,9084.52556068535,2846.552679773157,507.8548575370728,149880.9865607781,32854.69075403361,5940.902666930534,2728.3471388590015
Upper_arm_SO101,-23.5,778.8789791728572,231232.17682630738,34490.00416834549,9079.7048306209,2858.8950445631413,430.45764619919277,127940.43489520418,31438.767073700874,5023.785866738777,2595.1401262964446
Upper_arm_SO101,-22.5,782.7787760858657,233638.04801950848,34750.33000463678,9089.136107953182,2871.1785575064555,393.3577545121034,117799.0511560517,30498.390820015913,4582.671239272348,2502.1244970048383
Upper_arm_SO101,-21.5,787.192358287334,236414.53706906774,35013.415801928015,9112.679804192478,2883.215719733191,378.2150143408693,114144.54450135428,30113.35106337585,4399.739146178589,2456.1704852968787
Upper_arm_SO101,-20.5,792.1197257772653,239568.2684128562,35276.080283815405,9150.203641493132,2894.934703895827,378.857533368796,115279.81598414047,30259.210706872807,4403.059368167328,2454.710451740487
Upper_arm_SO101,-19.5,797.5608785556569,243105.92484594553,35536.52655348416,9201.58232300771,2906.377424380629,381.71588782973924,117124.4107944295,30481.14823694221,4433.16773932233,2459.7464917233447
Upper_arm_SO101,-18.5,804.5512321536299,247107.63783131717,35841.73681504521,9269.450228738984,2921.643428586827,387.33270084978,119747.60533287362,30821.57328858572,4491.944654832063,2474.7874975277646
Upper_arm_SO101,-17.5,817.2797153702131,251867.01621629516,36378.96328988379,9364.285389152989,2956.5036163589502,411.9955150715298,127773.03744342792,31920.11870587358,4750.502785283975,2553.037498859555
Upper_arm_SO101,-16.5,836.6806602654879,257416.73208299535,37190.65108557294,9486.581484774446,3014.651506416004,464.2829162771108,143644.7528962955,33889.26301237906,5293.706226433426,2704.8203586208965
Upper_arm_SO101,-15.5,863.2999589752133,263719.44379416306,38303.94741043486,9634.257245650697,3098.492155321532,567.4106489590657,173894.15599521293,36735.936692332034,6352.73541125073,2934.3649105172312
Upper_arm_SO101,-14.5,898.3495085030881,270722.44224643183,39769.74944482706,9804.746679933283,3212.4130426648953,898.3379751362479,270721.7597755295,39768.843012189,9804.721755107139,3212.338785614972
Upper_arm_SO101,-13.5,944.0964545596614,278341.85350151453,41678.574606310256,9994.45257230152,3364.1132432887234,944.0752566529663,278340.7210467042,41676.66678474932,9994.411711354815,3363.957100990275
Upper_arm_SO101,-12.5,1005.5087876279244,286455.0055848382,44211.587322923064,10198.518467652906,3568.939784555168,1005.494353226209,286454.11806461547,44209.92487557657,10198.486684842004,3568.8041965014577
Upper_arm_SO101,-11.5,1101.2549260196781,295693.58003858017,48066.68133402857,10438.88347641874,3889.6851311391615,1101.2437868716302,295692.9762125622,48065.439155512344,10438.8619918945,3889.583681658272
Upper_arm_SO101,-10.5,1230.9343192626798,304467.67150821973,53771.71145983916,10658.97773904981,4364.653537427092,1230.9230487124075,304467.34478036396,53770.502274469036,10658.966153081095,4364.554553735426
Upper_arm_SO101,-9.5,1266.31476655312,312983.1200906658,57025.296437897516,10866.450396541091,4632.107412865986,752.9503697086873,290865.10089343856,34257.973610667104,10098.534778092935,2735.641460484393
Upper_arm_SO101,-8.5,1291.387288419647,321495.4081633219,59323.522494382545,11070.409404740876,4821.154201685361,697.6225984665838,289796.0516941919,31585.927999889987,9978.87026601146,2513.943917351723
Upper_arm_SO101,-7.5,1309.8630558482982,330059.20841848216,60839.622337329,11272.806232113684,4946.09473225409,672.570051598065,292177.9399997304,30375.140776501823,9979.012668566627,2413.5393353297336
Upper_arm_SO101,-6.5,1323.699460130271,338722.79690462357,61730.70712976312,11475.316163814048,5019.819977606188,662.9241025685694,296958.71016172046,29908.790856978914,10060.42253321273,2374.8775498831287
Upper_arm_SO101,-5.5,1335.2616079813151,347524.81251648697,62298.70267598293,11679.235014154752,5067.069782825383,664.5122615273501,303865.4256787058,29985.588176740028,10211.975116359326,2381.244303187648
Upper_arm_SO101,-4.5,1346.698609335544,356478.22204101266,62848.66942132989,11884.9615224535,5112.842988455745,674.6985310329729,312574.15198633494,30478.05560496768,10421.198877854078,2422.0732549255395
Upper_arm_SO101,-3.5,1358.1355911935761,365584.5300518261,63398.617382346885,12092.502718523849,5158.615586461019,686.1355213319166,321680.46654716105,31030.864008034492,10640.275884583483,2467.9123517410353
Upper_arm_SO101,-2.5,1369.5725535554125,374845.0344431659,63948.54697619338,12301.85862922678,5204.387586623432,697.5724927536928,330940.9782951489,31583.544620029803,10860.987248488833,2513.7484089415943
Upper_arm_SO101,-1.5,1381.009496421052,384261.0330960332,64498.4586061927,12513.029280217992,5250.158998407581,709.0094452983017,340356.98514126934,32136.103523736383,11083.337195271713,2559.581557571078
Upper_arm_SO101,-0.5,1392.446419790496,393833.82387819217,65048.35266240104,12726.014695994367,5295.929830973236,720.4463789657424,349929.7849836788,32688.546415642224,11307.329820137653,2605.411920712735
Upper_arm_SO101,0.5,1403.8833236637442,403564.70464416826,65598.22952214727,12940.814899938141,5341.700093187415,731.883293756016,359660.6757077213,33240.87863612414,11532.969092781334,2651.23961408448
Upper_arm_SO101,1.5,1415.320208040796,413454.97323525,66148.0895505478,13157.42991435926,5387.469793636,743.3201896691218,369550.9551859268,33793.105196845514,11760.258862145061,2697.0647465816087
Upper_arm_SO101,2.5,1426.7570729216513,423505.92747948813,66697.93310099526,13375.8597605357,5433.238940634682,754.7570667050604,379601.9212780125,34345.230805662795,11989.20286096231,2742.887420772196
Upper_arm_SO101,3.5,1436.1190219508162,431713.46029970737,67092.6600355411,13618.71038178817,5471.833423560291,764.1190219508651,387809.4602989586,34750.32139727722,12233.718746150182,2781.940311120472
Upper_arm_SO101,4.5,1444.2313775727853,438850.67974595365,67402.2227872558,13843.859260442887,5506.5316956401175,772.2313775728251,394946.6797452267,35073.58294078009,12458.867680990877,2817.2408069461753
Upper_arm_SO101,5.5,1451.8297234290158,445582.47279850766,67701.06857960977,14056.218793833012,5541.050398775435,781.0787458670206,401922.8264609311,35445.72021329828,12678.935690293963,2857.286111234263
Upper_arm_SO101,6.5,1458.914059519509,451901.9371459444,67993.08510215601,14255.571249527275,5575.546115852199,798.0040295271576,410135.89725907496,36223.51800533278,12938.023726836185,2931.589964139714
Upper_arm_SO101,7.5,1465.4843858442641,457802.11210637435,68281.05448372517,14441.697053395214,5610.085826277586,825.6859535293895,419912.00915025774,37537.47640165573,13246.419416502824,3050.9036399986853
Upper_arm_SO101,8.5,1471.5407024032816,463275.9786274438,68566.6608343437,14614.374789588572,5644.646153437915,868.1951457285843,431500.3152005702,39583.91499811805,13611.982494369486,3231.4718864310416
Upper_arm_SO101,9.5,1477.0830091965618,468316.45928633475,68850.49392747958,14773.381200520153,5679.11222549786,940.5753496198693,445974.3562422108,43085.28390988553,14068.578695284325,3533.352203338692
Upper_arm_SO101,10.5,1481.9130469933843,472916.04101177165,69103.54415286213,14918.479284286865,5710.914177127967,1481.9130469933878,472916.0410117755,69103.5441528619,14918.47928428698,5710.914177127956
Upper_arm_SO101,11.5,1483.7073431987078,477053.7054487088,68995.55132986043,15049.005995377704,5712.471626051572,1483.7073431987076,477053.7054487089,68995.55132986017,15049.005995377698,5712.4716260515515
Upper_arm_SO101,12.5,1480.1932036740595,480683.3964098709,68240.4088126086,15163.508458691267,5659.736332415487,1480.1932036740568,480683.39640986855,68240.40881260834,15163.508458691185,5659.73633241546
Upper_arm_SO101,13.5,1469.3602049586186,483750.41454653355,66681.03771153235,15260.261153807702,5539.296536998508,1469.3602049586152,483750.4145465298,66681.03771153191,15260.26115380757,5539.296536998467
Upper_arm_SO101,14.5,1447.1295501160134,486192.90483722364,64128.37851230515,15337.312835909397,5335.0624865590535,1447.1295501160089,486192.90483721916,64128.37851230474,15337.312835909248,5335.062486559014
Upper_arm_SO101,15.5,1324.2292228343244,487690.47199891595,59129.77324528078,15384.55616064055,4925.590507951896,1324.2292228343304,487690.4719989226,59129.77324528093,15384.556160640746,4925.590507951929
Upper_arm_SO101,16.5,1244.8209174307206,486690.3251421074,56006.77662675033,15353.006647047814,4667.230375949083,1244.8209174307372,486690.3251421236,56006.77662675132,15353.006647048313,4667.23037594921
Upper_arm_SO101,17.5,1194.0845645011404,485001.4551475797,53856.91135187057,15299.730093507065,4488.07503734289,864.8878451764382,350854.6242885932,52748.15224783217,11067.968868110313,4395.678125314132
Upper_arm_SO101,18.5,1157.8605493934424,483378.00848742184,52281.87576620345,15248.517376544632,4356.822164973378,699.234287306107,291036.33961511485,49088.63590386673,9180.956845019962,4090.718390681307
Upper_arm_SO101,19.5,1131.283258386069,481927.3782045667,51091.42872800832,15202.756285414314,4257.618329657145,608.8695633625243,258218.52766465457,46145.59956686257,8145.694754745147,3845.465403831404
Upper_arm_SO101,20.5,1109.9267617172707,480573.45849512215,50071.56796565108,15160.046003583424,4172.630008749222,554.6994580100218,238969.03135385193,43911.45415291446,7538.455242057823,3659.286696597573
Upper_arm_SO101,21.5,1088.802286526687,479080.49398792005,49057.65137505601,15112.949222212395,4088.137025967025,524.381027632857,229545.1124149735,42343.019277160245,7241.170624287678,3528.5838848597864
Upper_arm_SO101,22.5,1067.6777187724324,477428.1781681083,48043.72513074611,15060.825572555073,4003.643229150472,511.36905900938325,227536.6590701106,41368.02121358659,7177.812352969787,3447.3341451778606
Upper_arm_SO101,23.5,1046.5530584545077,475608.3257953095,47029.78923229681,15003.41685659866,3919.148618294222,500.80715224045997,226523.93842916517,40480.83835772572,7145.865206365037,3373.4023251751532
Upper_arm_SO101,24.5,1025.428305572913,473612.75144188426,46015.843679280835,14940.464858974323,3834.653193395158,490.2451529078654,225418.80818358064,39593.64584729803,7111.002928704161,3299.469683609658
Upper_arm_SO101,25.5,1004.3034601276468,471433.26949293196,45001.88847126867,14871.711358410039,3750.156954452682,479.6830610116001,224217.17474981342,38706.44368187396,7073.096384879112,3225.5362204837793
Upper_arm_SO101,26.5,983.1785221187098,469061.694146292,43987.923607827746,14796.898127730632,3665.6599014689514,469.12087655166545,222914.94435706025,37819.23186102124,7032.016433878726,3151.6019358030876
Upper_arm_SO101,27.5,962.0534915461019,466489.83941254264,42973.949088523455,14715.76693385779,3581.1620344492735,458.5585995280579,221508.02304725422,36932.01038430503,6987.633928788584,3077.666829576712
Upper_arm_SO101,28.5,940.9283684098237,463709.5191150011,41959.96491291851,14628.059537809984,3496.663353402441,447.99622994078163,219992.31667507073,36044.779251287924,6939.819716791204,3003.730901817802
Upper_arm_SO101,29.5,919.8031527098753,460712.5468897238,40945.97108057284,14533.517694702547,3412.1638583411445,437.4337677898334,218363.73090792162,35157.538461530145,6888.4446391658785,2929.7941525440315
Upper_arm_SO101,30.5,898.6778444462553,457490.73618550575,39931.96759104404,14431.883153747618,3327.663549282491,426.8712130752144,216618.17122595911,34270.28801458906,6833.379531288769,2855.8565817781687
Upper_arm_SO101,31.5,877.5524436189658,454035.900263882,38917.95444388715,14322.897658254193,3243.1624262485475,416.30856579692613,214751.54292207523,33383.02791001978,6774.495222632913,2781.9181895487804
Upper_arm_SO101,32.5,856.4269502280047,450339.85219912545,37903.93163865448,14206.302945628098,3158.6604892669593,405.74582595496673,212759.7511018991,32495.75814737464,6711.6625367681145,2707.97897589098
Upper_arm_SO101,33.5,835.3013642733733,446394.40487824933,36889.89917489604,14081.84074737199,3074.1577383717226,395.1829935493354,210638.70068379998,31608.478726203408,6644.752291361091,2634.0389408473475
Upper_arm_SO101,34.5,814.1756857550712,442191.37100100506,35875.857052159,13949.252789085363,2989.6541736039894,441.02006858003404,250859.11267877874,31397.989646054542,7075.733602028412,2616.49819886861
Upper_arm_SO101,35.5,793.0499146730983,437722.5630798835,34861.805269988254,13808.280790464562,2905.149795013094,430.4570510470627,248314.79047288466,30510.69090647081,6985.8195866295,2542.5565369076467
Upper_arm_SO101,36.5,771.9240510274541,432979.7934401141,33847.74382792594,13658.666465302731,2820.6446026576637,419.89394095042076,245621.25078550488,29623.3825069952,6891.286995969154,2468.6140563745503
Upper_arm_SO101,37.5,750.7980948181416,427954.87421966734,32833.67272551182,13500.15152148997,2736.138596606993,409.3307382901072,242773.80369098386,28736.064447167322,6792.010698917661,2394.670757540915
Upper_arm_SO101,38.5,729.6720460451558,422639.61736924935,31819.591962282633,13332.477661013087,2651.6317769425514,398.76744306612335,239767.6961157398,27848.736726524163,6687.86594070755,2320.726640710906
Upper_arm_SO101,39.5,742.8351695766578,454091.40920303104,31428.273322990062,13337.204289023111,2618.633432588148,422.4930323019903,263837.9171240086,27584.167718837612,6879.99333058379,2298.079581360776
Upper_arm_SO101,40.5,722.1397875516097,448469.9495742325,30434.96177461403,13194.539991885558,2535.8241362091535,412.3606827831047,260487.96089175923,26717.60989318051,6759.698513313117,2225.8177419812055
Upper_arm_SO101,41.5,711.6295267335497,445497.35015082255,30059.345608350195,13116.260168450268,2504.478491377087,408.0294992966669,259035.44352402881,26416.1412458482,6709.375759553201,2200.62937975641
Upper_arm_SO101,42.5,711.6294401562518,445497.18749732594,30059.341297690713,13116.254638593862,2504.435274174002,408.02938427789377,259035.27523593127,26416.134688825223,6709.372089409337,2200.5630648603646
Upper_arm_SO101,43.5,711.6292341113426,445496.97357242514,30059.32640646877,13116.247540288754,2504.391142772866,408.0291588371832,259035.05908144475,26416.118068037948,6709.366861691657,2200.495895179234
Upper_arm_SO101,44.5,711.628902599165,445496.70326807466,30059.30049320041,13116.238628086958,2504.346045211047,409.34550612925676,259928.6350157469,26463.286780485432,6739.451840808033,2204.362146190401
Upper_arm_SO101,45.5,711.6284456197193,445496.3766905442,30059.263538202882,13116.227906077276,2504.299979473429,419.7190694103972,266926.7919774431,26820.921864169395,6975.980357436817,2234.1106426986635
Upper_arm_SO101,46.5,711.6278398893805,445495.97201596753,30059.21426675198,13116.21434489841,2504.252788827818,441.97363396374124,281696.8480207171,27506.511552177886,7480.271330448084,2291.2049254369954
Upper_arm_SO101,47.5,711.6272900741111,445495.67850349296,30059.16448151582,13116.206893969264,2504.2059121321718,480.40050811891064,306534.71909205674,28449.65582590179,8342.016012748025,2369.7890710644438
Upper_arm_SO101,48.5,710.3746128386708,444208.1315485274,30046.130656123292,13059.51203731238,2503.5115841859106,549.6060685933312,349280.7435085678,29505.15055930079,9884.874691096882,2458.3404195257117
Upper_arm_SO101,49.5,677.0457665041316,408217.864215993,29434.932647675363,12877.533256183473,2452.9047045761913,677.0457665041348,408217.8642159926,29434.932647675887,12877.533256183546,2452.904704576261
Upper_arm_SO101,50.5,677.0448326221267,408217.3907120637,29434.828714109302,12877.518615999074,2452.8954373208503,677.0448326221299,408217.39071206306,29434.828714109783,12877.518615999106,2452.895437320916
Upper_arm_SO101,51.5,677.043785331987,408216.8723017202,29434.713743983084,12877.502617394919,2452.8852507778315,677.04378533199,408216.87230171944,29434.71374398358,12877.502617394954,2452.8852507778984
Upper_arm_SO101,52.5,677.0426246337121,408216.30898444244,29434.58773706133,12877.485260348465,2452.874144924611,677.0426246337166,408216.3089844422,29434.587737061913,12877.485260348514,2452.874144924685
Upper_arm_SO101,53.5,677.0413505273044,408215.7007597086,29434.450693102568,12877.46654483709,2452.862119738154,677.0413505273077,408215.70075970766,29434.450693103165,12877.466544837105,2452.8621197382276
Under_arm_SO101,-27.5,677.040698499942,174371.06782339775,29434.509965021745,7581.345957125514,2452.8729206256457,677.0406984999372,174371.06782339694,29434.509965021047,7581.3459571254925,2452.8729206255975
Under_arm_SO101,-26.5,677.040641579294,174370.96992626868,29434.5082576219,7581.344668392368,2452.872360576767,677.0406415792895,174370.9699262679,29434.508257621666,7581.344668392331,2452.872360576759
Under_arm_SO101,-25.5,821.040811976098,257901.424957891,36346.529480497,9919.285286578322,3028.873684862355,821.0408119760959,257901.42495789073,36346.52948049689,9919.28528657831,3028.873684862361
Under_arm_SO101,-24.5,821.0414575663181,257901.74323021172,36346.59932957485,9919.297232214434,3028.8791285243924,537.6677167011962,168355.64111683276,34883.43682695832,6475.216383547628,2906.9469883547454
Under_arm_SO101,-23.5,821.0420479415229,257902.04522616442,36346.66300180729,9919.30859807092,3028.8841504678026,452.26669936309224,141369.03507537767,33121.88814496569,5437.269750195975,2760.1500117647684
Under_arm_SO101,-22.5,821.0425831017118,257902.3309457742,36346.72049664578,9919.319384140472,3028.8887506366073,410.0991933500499,128044.21978424364,31884.410377287422,4924.77665339139,2657.0260770053064
Under_arm_SO101,-21.5,821.0430630468886,257902.60038906644,36346.77181353641,9919.329590415811,3028.8929289743455,391.3366219091553,122115.36498953452,31244.90234036272,4696.743621373773,2603.7333450597293
Under_arm_SO101,-20.5,821.043487777048,257902.8535560614,36346.816951924935,9919.339216889432,3028.896685424475,389.0434877770464,121390.85355605088,31162.816951605375,4668.877687115916,2596.892859114069
Under_arm_SO101,-19.5,821.0438572921946,257903.09044678046,36346.85591125628,9919.348263553922,3028.9000199303637,389.0438572921929,121391.09044676885,31162.855910948187,4668.886734209363,2596.896264766599
Under_arm_SO101,-18.5,821.0441715923253,257903.31106124082,36346.888690970605,9919.356730401692,3028.902932434925,391.3377304545939,122116.0756617064,31245.019217831723,4696.7707626323245,2603.743560405533
Under_arm_SO101,-17.5,821.044430677442,257903.51539945917,36346.91529050807,9919.364617425099,3028.9054228810414,410.10104092578206,128045.40423792477,31884.605171199946,4924.8218886120785,2657.0430815824393
Under_arm_SO101,-16.5,821.0446345475449,257903.70346145006,36346.93570930546,9919.371924616466,3028.9074912112696,452.2692859691165,141370.6933106597,33122.160852517234,5437.333078947778,2760.173755010681
Under_arm_SO101,-15.5,821.0447832026327,257903.8752472255,36346.94994679757,9919.378651968027,3028.9091373679594,537.6710423375149,168357.77313384457,34883.787444222486,6475.297805135443,2906.977365354479
Under_arm_SO101,-14.5,821.0448766427064,257904.03075679616,36346.95800241956,9919.384799471905,3028.910361293464,821.0448766427073,257904.03075679706,36346.95800241956,9919.384799471925,3028.910361293464
Under_arm_SO101,-13.5,821.0449148677651,257904.16999017043,36346.959875600995,9919.390367120197,3028.911162929605,821.0449148677664,257904.1699901714,36346.959875600645,9919.390367120232,3028.9111629295758
Under_arm_SO101,-12.5,821.0448978778094,257904.2929473552,36346.95556577039,9919.395354904933,3028.9115422180935,821.0448978778123,257904.2929473567,36346.955565771204,9919.395354904978,3028.9115422181667
Under_arm_SO101,-11.5,821.0448256728391,257904.39962835523,36346.94507235661,9919.39976281804,3028.9114991006327,821.0448256728413,257904.3996283565,36346.94507235661,9919.399762818086,3028.911499100634
Under_arm_SO101,-10.5,821.4236826606109,257931.4741912008,36364.16035439528,9920.441315046179,3030.346696199605,821.4356932799915,257932.1764797584,36364.43239087064,9920.468326144553,3030.369365905885
Under_arm_SO101,-9.5,826.3613536275689,258275.67966054345,36585.0608747066,9933.679986943975,3048.7550728922156,689.2173892031453,245451.73545241298,31483.021855237195,9440.451363553862,2623.585154603095
Under_arm_SO101,-8.5,837.2823239354159,259006.88437785994,37072.56033235125,9961.8032453023,3089.3800276959355,623.1615736845882,236122.69773097834,28380.183133111103,9081.642220421527,2365.0152610925675
Under_arm_SO101,-7.5,854.7062731530239,260090.18664785213,37847.89859178406,10003.46871722508,3153.9915493153367,586.7160079835224,230009.2587114687,26630.944828949287,8846.509950441092,2219.245402412439
Under_arm_SO101,-6.5,879.7584840981006,261475.4180081079,38952.46618097823,10056.746846465687,3246.0388484148502,565.5816989156615,226128.93308311107,25616.504727648222,8697.266657042725,2134.708727304016
Under_arm_SO101,-5.5,914.2827881600549,263075.043108106,40456.62799989327,10118.270888773304,3371.385666657771,555.769516523074,224240.79236885617,25145.525517249363,8624.645860340615,2095.460459770779
Under_arm_SO101,-4.5,962.2856351473034,264763.96411955485,42502.38665548654,10183.22938921364,3541.865554623876,554.5260040927363,223997.54848437023,25085.841275479994,8615.290326321929,2090.4867729566627
Under_arm_SO101,-3.5,1035.7287599190765,266339.1910254194,45470.06118089729,10243.815039439207,3789.171765074774,554.5260658520241,223997.5859194851,25085.84740520653,8615.291766134043,2090.4872837672096
Under_arm_SO101,-2.5,1171.1065801679051,267261.6934853762,50747.53683930775,10279.295903283697,4228.961403275646,554.5261064279375,223997.61077413443,25085.851328477263,8615.292722082093,2090.4876107064374
Under_arm_SO101,-1.5,1198.8539710933715,267614.0587459072,53730.8252799816,10292.848413304117,4477.568773331797,554.5261258204716,223997.62304851692,25085.85304524447,8615.293194173719,2090.48775377037
Under_arm_SO101,-0.5,1214.438263163181,267801.4863137535,55682.31786323944,10300.057165913595,4640.193155269951,554.5261240296323,223997.62274283412,25085.85255546111,8615.293182416692,2090.4877129550914
Under_arm_SO101,0.5,1222.8292912647807,267881.0014967718,56818.844568695175,10303.115442183525,4734.903714057926,554.5261010554142,223997.60985728403,25085.849859077833,8615.292686818606,2090.487488256485
Under_arm_SO101,1.5,1226.1536972931926,267900.68648543174,57288.369998959126,10303.872557131986,4774.030833246589,554.5260568978198,223997.5843920669,25085.844956046785,8615.291707387189,2090.487079670564
Under_arm_SO101,2.5,1226.5259915568463,267901.5463473798,57341.837846319424,10303.905628745375,4778.486487193285,554.5259915568495,223997.546347382,25085.83784631989,8615.290244130078,2090.486487193324
Under_arm_SO101,3.5,1226.525905032499,267901.49572342593,57341.82852984755,10303.903681670225,4778.485710820627,554.5259050325019,223997.49572342815,25085.828529847553,8615.288297054913,2090.4857108206293
Under_arm_SO101,4.5,1226.5257973247747,267901.43252040213,57341.81700658146,10303.90125078469,4778.484750548452,554.5257973247783,223997.43252040463,25085.817006581347,8615.285866169408,2090.4847505484418
Under_arm_SO101,5.5,1226.5256684336741,267901.3567385072,57341.80327647203,10303.898336096432,4778.483606372666,555.7746908716501,224241.71040162037,25145.756353495293,8624.681169293082,2095.479696124608
Under_arm_SO101,6.5,1226.5255183591971,267901.2683779396,57341.78733947128,10303.894937613057,4778.482278289271,565.6154883668261,226135.22849169193,25618.105899837916,8697.508788141991,2134.8421583198233
Under_arm_SO101,7.5,1226.525347101343,267901.16743889736,57341.7691955287,10303.891055342207,4778.480766294056,586.7269147864525,230011.06448330788,26631.44444441353,8846.579403204149,2219.287037034458
Under_arm_SO101,8.5,1226.525154660112,267901.0539215791,57341.74884459446,10303.886689291503,4778.479070382872,623.1795979854064,236125.39049512087,28381.16212420864,9081.745788273876,2365.0968436840535
Under_arm_SO101,9.5,1226.5249410355054,267900.92782618257,57341.72628661897,10303.88183946856,4778.477190551578,690.0172814588093,245558.82478234638,31589.35862693761,9444.570183936392,2632.446552244801
Under_arm_SO101,10.5,1226.3264354999123,267900.4118345861,57313.196846917504,10303.861993637925,4776.099737243123,1226.3264354999174,267900.4118345893,57313.196846917504,10303.861993638047,4776.099737243123
Under_arm_SO101,11.5,1223.6061513772202,267885.6816680843,56927.51287470176,10303.295448772471,4743.959406225146,1223.6061513772247,267885.6816680874,56927.512874702225,10303.29544877259,4743.959406225185
Under_arm_SO101,12.5,1216.0913939848044,267817.93296157056,55901.26262140437,10300.689729291174,4658.438551783692,1216.0913939848094,267817.93296157377,55901.262621405534,10300.689729291298,4658.4385517837945
Under_arm_SO101,13.5,1201.7717529777765,267649.7772691233,54081.17818117165,10294.222202658588,4506.764848430971,1201.7717529777822,267649.7772691269,54081.17818117235,10294.222202658728,4506.764848431027
Under_arm_SO101,14.5,1182.5271400594297,271352.392566367,51469.245069989935,10374.496767120618,4289.103755832492,1182.5271400594083,271352.3925663527,51469.2450699897,10374.496767120036,4289.103755832475
Under_arm_SO101,15.5,1078.0064276358507,284640.5681360625,47202.68065475882,10700.476670527345,3933.556721229897,1078.006427635804,284640.56813602895,47202.68065475905,10700.476670525833,3933.5567212299165
Under_arm_SO101,16.5,1019.381423262846,297947.9274513995,45041.08954240894,11016.438288907033,3753.424128534076,1019.3814232627915,297947.9274513602,45041.08954240801,11016.438288905274,3753.4241285339986
Under_arm_SO101,17.5,990.01421599296,311598.0170289123,43916.72542236152,11334.63742468234,3659.7271185301242,714.2724745237497,224369.41055663332,42987.56752453593,8161.624204472993,3582.297293710859
Under_arm_SO101,18.5,975.1474557827285,325826.07351442287,43366.669366972055,11663.387761889977,3613.8891139143357,585.3253400696815,194741.63330682367,40652.35301296355,6971.04181424796,3387.696084413019
Under_arm_SO101,19.5,969.9233145799922,340747.1354492049,43198.80460944609,12006.246351183241,3599.9003841205054,518.2294909571151,180943.4854038873,38922.02346351603,6375.554877480523,3243.50195529243
Under_arm_SO101,20.5,969.7176634101959,356282.0120309179,43193.58399886114,12359.812556109173,3599.4653332384264,480.9096753957198,175473.42623287713,37770.57258070528,6087.365018664748,3147.5477150587717
Under_arm_SO101,21.5,969.7161354703728,372211.22793990653,43193.43456265982,12716.099913886692,3599.4528802216496,463.52932674968673,176655.30301763566,37171.193904778804,6035.1926940063495,3097.599492064894
Under_arm_SO101,22.5,969.7141180199483,388524.0768388789,43193.23480947479,13074.625879622217,3599.4362341228966,461.3465855394161,183575.05343163942,37092.82441971451,6177.674145650307,3091.0687016428687
Under_arm_SO101,23.5,966.0521804886512,401922.8568295562,43077.611618420575,13368.204552013634,3589.8002249212677,459.9724465713558,190294.33569526023,37004.654811411165,6329.307775407876,3083.719893292483
Under_arm_SO101,24.5,952.0733204416956,406270.62504456256,42487.794301413465,13453.940822812438,3540.649407774168,453.5166409916509,192679.90895018354,36505.114148018416,6380.731059800753,3042.0926340143487
Under_arm_SO101,25.5,930.8981312679696,404214.3584613869,41474.780387740815,13384.577709727013,3456.231674643172,442.95335287585374,191555.11928176187,35619.443045972555,6342.881063604074,2968.286876443772
Under_arm_SO101,26.5,909.5374753807007,401802.16547504027,40449.48800582811,13304.69952043123,3370.790611761994,432.2732029524252,190230.78310664307,34722.316732036415,6299.024639882161,2893.526293751982
Under_arm_SO101,27.5,888.1767972481331,399184.5500235557,39424.19337060617,13218.019380088268,3285.3493585178135,421.5930307118105,188799.07021655113,33825.188161533384,6251.612811880927,2818.7655179834633
Under_arm_SO101,28.5,866.8160968702689,396353.051276788,38398.89648181468,13124.25713876868,3199.9079149212075,410.91283615401187,187255.75019666762,32928.05733433919,6200.50550984485,2744.004549175474
Under_arm_SO101,29.5,845.4553742471066,393299.2084045901,37373.59733919194,13023.132647007369,3114.4662809851457,400.23261927902803,185596.59263217173,32030.924250324315,6145.5626644843915,2669.2433873679147
Under_arm_SO101,30.5,824.0946293786467,390014.5605768157,36348.295942476485,12914.365755803601,3029.0244567254194,389.5523800868595,183817.36710824416,31133.788909356575,6086.64420697616,2594.482032603895
Under_arm_SO101,31.5,802.7338622648886,386490.64696331666,35322.99229140661,12797.676316620858,2943.582442160986,378.8721185775047,181913.84321006257,30236.65131130116,6023.610068962563,2519.720484930267
Under_arm_SO101,32.5,781.3730729058325,382719.0067339462,34297.68638571864,12672.784181386884,2858.1402373142573,368.191834750965,179881.79052280655,29339.511456020176,5956.3201825519845,2444.958744398106
Under_arm_SO101,33.5,760.0122613014795,378691.1790585558,33272.37822514924,12539.40920249342,2772.6978422118136,357.51152860723846,177716.97863165318,28442.369343372586,5884.634480318386,2370.1968110634425
Under_arm_SO101,34.5,738.6514274518306,374398.7031069976,32247.06780943391,12397.271232796284,2687.2552568848623,385.2312001843643,203726.30416781976,28006.02497459011,6163.992384438916,2333.834746943119
Under_arm_SO101,35.5,717.2905713568807,369833.1180491201,31221.75513830874,12246.090125615108,2601.8124813700883,374.55084971055936,201193.97113674588,27108.878357840993,6072.434939761305,2259.072440458332
Under_arm_SO101,36.5,695.9296930166361,364985.96305477654,30196.440211507026,12085.585734733426,2516.369515710214,363.8704772238639,198510.94795469005,26211.7294945505,5975.930203572854,2184.3099442352272
Under_arm_SO101,37.5,674.5687924310907,359848.77729381394,29171.12302876322,11915.477914398207,2430.926359955319,353.1900827242715,195672.5288223253,25314.57838477922,5874.340382959165,2109.547258451105
Under_arm_SO101,38.5,653.2143057583237,354415.7605295205,28146.71993829927,11735.574618549757,2345.5593765238377,342.51610236986073,192676.6754168106,24418.341377087054,5767.619968334623,2034.8607456566003
Under_arm_SO101,39.5,632.103019125266,348768.6284384927,27154.754718948854,11548.581685067697,2262.895546534859,332.0853222875562,189611.3352229741,23554.5422506475,5658.799568920023,1962.877386942512
Under_arm_SO101,40.5,614.2195091970063,343794.9843237755,26375.763214127393,11383.89008194286,2197.979521993358,323.7108355171983,187069.47012666333,22889.6590457203,5568.719162716475,1907.4703501846266
Under_arm_SO101,41.5,605.8351303657216,341386.85293290525,26013.52437798388,11304.14992063205,2167.7928837767495,319.814344645023,185850.9852816745,22581.27489514026,5525.64714938792,1881.7715630372695
Under_arm_SO101,42.5,605.0428608441096,341156.1438120649,25978.728434519726,11296.510535629945,2164.892928931365,319.4428603583076,185733.12013925007,22551.528412955,5521.487208282806,1879.2922119956836
Under_arm_SO101,43.5,626.6512681418932,362339.2056165694,26417.980184184853,11108.735700933174,2199.0140486890186,341.05274307850306,202091.69765049889,22990.713454746234,5702.654786492264,1911.9269719385813
Under_arm_SO101,44.5,641.0738027682075,376415.682481563,26641.3576414095,11620.877534981935,2219.2598860842763,356.71241682957833,213294.19531641257,23258.54376401723,5841.12855634981,1936.8736615077914
Under_arm_SO101,45.5,641.1301360642129,376466.1760230192,26641.662244518637,11623.379459836855,2219.240134967786,366.5276896698067,219349.6765591006,23595.313205687096,6051.146102491567,1964.8847551598374
Under_arm_SO101,46.5,641.1309765397988,376466.83621334104,26641.725448950427,11623.413923110866,2219.198165816279,387.4641978445429,232095.86345653163,24240.363603553036,6498.6087221129965,2018.607026988091
Under_arm_SO101,47.5,641.1316029820266,376467.380215174,26641.769776331028,11623.44349897237,2219.1547998601272,423.6139259655868,253652.84878878781,25127.68138403591,7264.658113512703,2092.556752988815
Under_arm_SO101,48.5,641.1321141992835,376467.88674922264,26641.802177338046,11623.472178999365,2219.1103771848652,489.8953518073348,292067.66956492455,26132.890644147818,8651.875477318239,2176.406269256464
Under_arm_SO101,49.5,641.1325133154039,376468.358300743,26641.822882566834,11623.500089212313,2219.064909305009,641.1325133393018,376468.3583199006,26641.822885008063,11623.500090184456,2219.0649094536197
Under_arm_SO101,50.5,641.1328003303945,376468.7948691077,26641.831901655416,11623.527229554027,2219.0183969048526,641.1328003565642,376468.79488980415,26641.831904376624,11623.527230606782,2219.0183970952476
Under_arm_SO101,51.5,641.1329323788095,376469.16239276464,26641.826178555842,11623.551871964017,2218.970689828708,641.1329316057216,376469.1617783142,26641.82612413529,11623.551840794471,2218.970687235889
Under_arm_SO101,52.5,641.1328856240431,376469.4418694466,26641.80403918866,11623.573052975407,2218.9217062766747,641.1328845604783,376469.4410264821,26641.803962762468,11623.573010189677,2218.921702610119
Under_arm_SO101,53.5,638.2573769653176,373738.2790517045,26603.447528800345,11514.998457868765,2215.759431925445,638.2565848737886,373737.6154996102,26603.44308499468,11514.965270166724,2215.7596486116036
